"ProductId","Image Url","Video Url","Product Desc","Origin Price","Discount Price","Discount","Currency","Commission Rate","Commission","Sales180Day","Positive Feedback","Promotion Url","Code Name","Code Start Time","Code End Time","Code Value","Code Quantity","Code Minimum Spend"
"1005005145194916","https://ae04.alicdn.com/kf/S1a6a913e6a8c4730a3420856f889d583u.jpg",,"New Capsule Lock Shoelaces without ties Rainbow Elastic Laces Sneaker No Tie Shoe laces Kids Adult Quick Flat Shoelace for Shoes","USD 3.70","USD 1.53","0%","USD","7","USD 0.11","856","96.3%","https://s.click.aliexpress.com/e/_DmZki7b",,,,,,
"1005004463539462","https://ae04.alicdn.com/kf/S34a51f238d2847d984bfc37e3881010a5.jpg","http://cloud.video.taobao.com/play/u/2675628091/p/1/e/6/t/1/1100057456330.mp4","Induction Toilet Paper Holder Shelf Automatic Paper Out Wc Paper Rack Wall-Mounted Toilet Paper Dispenser Bathroom Accessories","USD 31.98","USD 15.67","51%","USD","8.0","USD 1.25","580","93.6%","https://s.click.aliexpress.com/e/_DkcAf2N",,,,,,
"1005004383696002","https://ae04.alicdn.com/kf/S6efb757d8a5242ccaba456f3617b7b014.jpg","http://cloud.video.taobao.com/play/u/2675628091/p/1/e/6/t/1/1100089468498.mp4","PAGANI DESIGN Green Glass Men's Mechanical Watches Luxury Sapphire Automatic Watch For Men NH35A Stainless steel Clock 2023 New","USD 599.95","USD 107.99","82%","USD","7","USD 7.56","300","95.6%","https://s.click.aliexpress.com/e/_Dd9Ny9B",,,,,,
"1005005027952059","https://ae04.alicdn.com/kf/S53a423eba722490aadf02eab2ed2ab63f.jpg","http://cloud.video.taobao.com/play/u/2675628091/p/1/e/6/t/1/1100121109659.mp4","2023 New PAGANI Design Top Brand Men's Sports Quartz Watches Sapphire Stainless Steel Waterproof Chronograph Luxury Reloj Hombre","USD 117.44","USD 54.02","54%","USD","7","USD 3.78","645","98.3%","https://s.click.aliexpress.com/e/_DDKyo9P",,,,,,
"1005005133010623","https://ae04.alicdn.com/kf/S784c7b0d6ee14d11aef463c5b6bea56cq.jpg","http://cloud.video.taobao.com/play/u/2675628091/p/1/e/6/t/1/1100092737231.mp4","2022 Seagull Business Watch Men's Mechanical Wristwatches 50m Waterproof Leather Valentine Male Watches relogio masculino 6075","USD 172.68","USD 75.82","0%","USD","7","USD 5.31","272","98.0%","https://s.click.aliexpress.com/e/_Dl4Gtsh",,,,,,
"1005005243748869","https://ae04.alicdn.com/kf/S8d59d5f395fe4c6e8abf8598a2b19764Q.jpg","http://cloud.video.taobao.com/play/u/2675628091/p/1/e/6/t/1/1100127835830.mp4","PAGANI DESIGN 2023 New AK Project Men's Watches Luxury Quartz Wrist Watch For Men AR Sapphire Speed Chronograph Automatic Date","USD 499.95","USD 84.99","83%","USD","7","USD 5.95","472","96.8%","https://s.click.aliexpress.com/e/_Dk7MsVR",,,,,,
"1005005027908655","https://ae04.alicdn.com/kf/S5e5ad1317985489a9ad83f0c73d04c00Y.jpg","http://cloud.video.taobao.com/play/u/2675628091/p/1/e/6/t/1/1100121109847.mp4","2023 New PAGANI DESIGN Men's Divers Automatic Mechanical Watches NH38 Sapphire Stainless Steel 300m Waterproof AR Watch for Men","USD 220.29","USD 79.30","64%","USD","7","USD 5.55","324","96.1%","https://s.click.aliexpress.com/e/_DeaTlil",,,,,,
"1005005214604887","https://ae04.alicdn.com/kf/S23d3379494da4153bdddfe4a474a7a0bU.jpg","http://cloud.video.taobao.com/play/u/2675628091/p/1/e/6/t/1/241146987237.mp4","300ml or 500ml Nose Cleaner Nasal Irrigator Nasal Wash Neti Pot Avoid Allergic Rhinitis Sinusitis Cure For Adult Child Therapy","USD 11.57","USD 3.71","0%","USD","7","USD 0.26","776","99.1%","https://s.click.aliexpress.com/e/_DFEer5T",,,,,,
"1005005028693371","https://ae04.alicdn.com/kf/S2ad9e060f6ea4222b5668fc6bf592278t.jpg","http://cloud.video.taobao.com/play/u/2675628091/p/1/e/6/t/1/351901117815.mp4","PAGANI DESIGN 2022 Men’s watches Chronograph Panda Retro Sport Luxury Quartz Watch For Men Sapphire 10Bar Waterproof Wrist Watch","USD 123.53","USD 73.25","0%","USD","7","USD 5.13","341","96.7%","https://s.click.aliexpress.com/e/_De9CHMt",,,,,,
"1005002393336741","https://ae04.alicdn.com/kf/Hb943b1df89c54dd8bcf30cec10477f3bX.jpg",,"TAICUT Chrome Bathroom Accessories Sets Towel Holder Bar Rack Hooks Wall Mount Toilet Paper Roll Holder Coat Hanger Hardware","USD 19.86","USD 11.92","40%","USD","10.0","USD 1.19","219","98.3%","https://s.click.aliexpress.com/e/_DB2iemt",,,,,,
"32744714992","https://ae04.alicdn.com/kf/HTB1uoMNRVXXXXcbXVXXq6xXFXXX5.jpg",,"Garden Lights Outdoor LED Lawn Lamp 220V 110V 12V 9W Landscape Spike Bulb Waterprof IP65 Pathway Garden Yard Spotlight","USD 8.66","USD 5.54","36%","USD","8.0","USD 0.44","218","98.0%","https://s.click.aliexpress.com/e/_DdEO7tL",,,,,,
"32892210828","https://ae04.alicdn.com/kf/Se465bb7d450e4da894bdf693865a3a7e9.jpg",,"50pcs/lot Stainless Steel Spacer Beads 2-10mm Bead Big Hole Charm Beads for DIY Jewelry Bracelets Making Findings DIY Crafts","USD 2.71","USD 1.38","49%","USD","8.0","USD 0.11","719","99.3%","https://s.click.aliexpress.com/e/_DFuvwDJ",,,,,,
"1005003394058571","https://ae04.alicdn.com/kf/S7021263aa4094f37a8b13e23dd62ad24x.jpg","http://cloud.video.taobao.com/play/u/2675628091/p/1/e/6/t/1/331884191130.mp4","CHIC VEN Simple Casual Women Twill Suit Pants Wide Leg Pants Straight Floor Pants Office Ladies Female Trousers","USD 40.32","USD 38.30","5%","USD","9.0","USD 3.45","840","98.6%","https://s.click.aliexpress.com/e/_DCuOYiv",,,,,,
"4000758779004","https://ae04.alicdn.com/kf/H3da03349afbd491fb5d8b3835a0d3944F.jpg",,"Real 925 Sterling Silver Cute tail moonstone Personality Adjustable Ring Fine Jewelry For Women Party Elegant Accessories","USD 3.89","USD 2.33","40%","USD","8.0","USD 0.19","889","94.1%","https://s.click.aliexpress.com/e/_DFdGMFL",,,,,,
"1005005136853494","https://ae04.alicdn.com/kf/S0906be5d2717428dbee8f31e915d97444.jpg","http://cloud.video.taobao.com/play/u/2675628091/p/1/e/6/t/1/1100123663310.mp4","2023 New PAGANI DESIGN Men's Automatic Quartz Watch Top Brand VH31 Stainless Steel 100 Waterproof AR Sapphire Glass Reloj Hombre","USD 106.99","USD 49.22","54%","USD","7","USD 3.45","305","94.8%","https://s.click.aliexpress.com/e/_DD1k2CN",,,,,,
"1005004458641946","https://ae04.alicdn.com/kf/S5a1a214104d541c89adf79167bf36baei.jpeg","http://cloud.video.taobao.com/play/u/2675628091/p/1/e/6/t/1/1100056778273.mp4","Print Cartoon Shoelace Flat Shoes Board Shoes High-top Shoe Lace Suitable for Men's Shoes Women's Shoes Lace Fashion 120/150cm","USD 3.75","USD 2.89","23%","USD","8.0","USD 0.23","452","97.3%","https://s.click.aliexpress.com/e/_DkfFUX7",,,,,,
"1005005027901759","https://ae04.alicdn.com/kf/Scc1bf900e88b4761b569639110be72bep.jpg","http://cloud.video.taobao.com/play/u/2675628091/p/1/e/6/t/1/1100120788082.mp4","2022 PAGANI Design New Men's Automatic Mechanical Watches GMT Watch 42mm Sapphire Stainless Steel Waterproof Watch Reloj Hombre","USD 195.52","USD 70.39","64%","USD","7","USD 4.93","712","94.6%","https://s.click.aliexpress.com/e/_DF8SdOz",,,,,,
"1005005315903438","https://ae04.alicdn.com/kf/S86dd9869ca504aeb87d4e257efc941dcI.jpg",,"Elastic No Tie Shoelaces Semicircle Shoe Laces For Kids and Adult Shoelace for Sneakers Quick Lazy Metal Lock Laces Shoe Strings","USD 1.79","USD 0.98","45%","USD","7","USD 0.07","648","98.0%","https://s.click.aliexpress.com/e/_DkilzFn",,,,,,
"1005002258533453","https://ae04.alicdn.com/kf/Scc1bf900e88b4761b569639110be72bep.jpg","http://cloud.video.taobao.com/play/u/2675628091/p/1/e/6/t/1/1100091999078.mp4","2023 PAGANI Design New Men's Automatic Mechanical Watches GMT Watch 42mm Sapphire Stainless Steel Waterproof Watch Reloj Hombre","USD 649.95","USD 103.99","84%","USD","10.0","USD 10.40","298","93.9%","https://s.click.aliexpress.com/e/_DDFCKXx",,,,,,
"1005003438295075","https://ae04.alicdn.com/kf/S1e00b3c9292a4e43b6e90adf301555cc5.jpg","http://cloud.video.taobao.com/play/u/2675628091/p/1/e/6/t/1/1100037992232.mp4","PAGANI Design Luxury Business Multifunctional Moon Watch Quartz Chronograph Men Watch Sapphire Waterproof Bracelet Accessories","USD 499.95","USD 84.99","83%","USD","13.5","USD 11.47","184","97.8%","https://s.click.aliexpress.com/e/_DmMJEFF","M5A64EJI7WVL","2023/05/21 00:00:00","2023/05/27 23:59:59","USD 9.00","79984","USD 89.00"
"1005005192549164","https://ae04.alicdn.com/kf/H062296e4509a4f38b0e36029564025deJ.jpg","http://cloud.video.taobao.com/play/u/2675628091/p/1/e/6/t/1/308166543467.mp4","Toilet Brush Disposable Brush For Toilet Modern Hygienic Toilet Brush Bathroom Accessories Long Handle Cleaner Tool For Bathroom","USD 15.99","USD 7.51","53%","USD","7","USD 0.53","241","97.7%","https://s.click.aliexpress.com/e/_DCAZj65",,,,,,
"1005005034999153","https://ae04.alicdn.com/kf/S2ed4292d352040ef8705e76429b1b1c00.jpg","http://cloud.video.taobao.com/play/u/2675628091/p/1/e/6/t/1/1100106390089.mp4","Colorful Magnetic Lock Shoelaces without ties Elastic Laces Sneakers No Tie Shoe laces Kids Adult Flat Shoelace Rubber Bands","USD 9.99","USD 4.63","0%","USD","7","USD 0.32","697","96.0%","https://s.click.aliexpress.com/e/_DmXPvbn",,,,,,
"1005004183048697","https://ae04.alicdn.com/kf/S043af3c9034e456698f5bf623c538484z.jpg","http://cloud.video.taobao.com/play/u/2675628091/p/1/e/6/t/1/267031203547.mp4","Silicone Elastic Shoelaces Special No Tie Shoelace for Men Women Lacing Rubber Zapatillas 13 Colors","USD 1.00","USD 0.75","25%","USD","7","USD 0.05","182","98.1%","https://s.click.aliexpress.com/e/_DEvRXaH",,,,,,
"1005005265917498","https://ae04.alicdn.com/kf/S76fc091065fe43f0af3fa58508168158h.jpg",,"120ML Lace Melting And Holding Mousse Lace Melting Holding Spray Strong Natural Finishing Hold With Lace Tint Spray For Wigs","USD 17.29","USD 8.47","51%","USD","9.0","USD 0.76","2190","95.2%","https://s.click.aliexpress.com/e/_DkUWVJf",,,,,,
"1005004678581118","https://ae04.alicdn.com/kf/Sbe457401de2745d18d76f37fc7c8feb38.jpg",,"New Luminous Shoe laces Glowing Fluorescent Shoelaces for Sneakers Flat Laces Shoes Boot Shoelace 120/140/160CM Shoestrings1Pair","USD 3.84","USD 1.92","50%","USD","7","USD 0.13","509","95.8%","https://s.click.aliexpress.com/e/_DejyYEZ",,,,,,
"1005005193558508","https://ae04.alicdn.com/kf/S88ea0f63509d4a5fb093322f32ca5a46y.jpg",,"450ML Wall Mount Foam Soap Dispenser Touchless Automatic Hand Sanitizer Rechargeable Time Temperature Digital Bathroom Supply","USD 46.70","USD 22.22","0%","USD","7","USD 1.56","566","93.4%","https://s.click.aliexpress.com/e/_DBMWd5F",,,,,,
"1005004090837425","https://ae04.alicdn.com/kf/Sdab7a105077843eb81a8f3df9beb87d0P.jpg",,"1Pcs Clean Narrow Brush Long Handle Fish Tank Straw Baby Milk Bottle Gap Glass Tube Cleaning Brush Home Kitchen Tools","USD 3.85","USD 2.69","30%","USD","8.0","USD 0.22","214","97.4%","https://s.click.aliexpress.com/e/_DkqWbAd",,,,,,
"1005003692146871","https://ae04.alicdn.com/kf/H5a962c1424964d339391a7ec80611ea25.jpg","http://cloud.video.taobao.com/play/u/2675628091/p/1/e/6/t/1/340729148713.mp4","Sanda Rectangular Wrist Watches for Women Silver Case Ladies Watches Luxury Brand Leather Band Quartz Clock zegarek damski 1108","USD 26.22","USD 21.24","19%","USD","8.0","USD 1.70","373","92.8%","https://s.click.aliexpress.com/e/_DluLLRf",,,,,,
"33022437244","https://ae04.alicdn.com/kf/S472cd01cffeb4449b170f652f31f985dw.jpg","http://cloud.video.taobao.com/play/u/2675628091/p/1/e/6/t/1/353624662826.mp4","50pcs 12/15/20/25/28mm Stainless Steel Key Ring Chain Fobs Connectors for Keychain Keyring Jewelry Making Supplies Accessories","USD 2.56","USD 1.79","30%","USD","15.0","USD 0.27","307","94.0%","https://s.click.aliexpress.com/e/_DdvvR1b",,,,,,
"1005005253199587","https://ae04.alicdn.com/kf/S09fa6388f8b144f98e73e06c7bba602dn.jpg","http://cloud.video.taobao.com/play/u/2675628091/p/1/e/6/t/1/1100127248085.mp4","Pants Edge Shorten Self-Adhesive Tape for Trousers Legs Edge Shortening Tape Paste Hem Iron on Pants Jeans Clothes Length Adjust","USD 4.66","USD 2.33","50%","USD","12.0","USD 0.28","4026","98.0%","https://s.click.aliexpress.com/e/_DerNAjF",,,,,,
"1005004065878562","https://ae04.alicdn.com/kf/S89662fbac2d74734bb7091bd89cf236aA.jpg",,"PROLY New Fashion Spring Headwear For Women Center Knot Casual Hairband Candy Color Headband Solid Color Hair Accessories","USD 4.46","USD 2.77","38%","USD","7","USD 0.19","600","98.6%","https://s.click.aliexpress.com/e/_DlQZNK9",,,,,,
"1005005027889940","https://ae04.alicdn.com/kf/Aa33fdef24b5e4018b306feb7fda63d38c.jpg","http://cloud.video.taobao.com/play/u/2675628091/p/1/e/6/t/1/1100121114399.mp4","2023 New 36MM PAGANI DESIGN Men Automatic Mechanical Watches NH35 Sapphire Stainless Steel AR Coating 20Bar Relogio Masculino","USD 198.74","USD 82.00","0%","USD","7","USD 5.74","755","97.9%","https://s.click.aliexpress.com/e/_DDpJRlF",,,,,,
"4001004670304","https://ae04.alicdn.com/kf/Hfc0fda67ad2d44bba86ef23b1280a5d54.jpg","http://cloud.video.taobao.com/play/u/2675628091/p/1/e/6/t/1/235938509458.mp4","1 Pair Elastic Shoelaces Round Metal Buckle No Tie Shoe Laces Kids Adult Quick Lock Shoelace Leisure Sneakers Lazy Lace","USD 1.62","USD 1.20","26%","USD","10.0","USD 0.12","501","95.6%","https://s.click.aliexpress.com/e/_Dm1xHeV",,,,,,
"1005004350816297","https://ae04.alicdn.com/kf/S5641536aea66425388dd4ab329bb5c951.jpg","http://cloud.video.taobao.com/play/u/2675628091/p/1/e/6/t/1/1100039980616.mp4","SAMODRA Non-Electric Bidet - Self Cleaning Dual Nozzle (Frontal and Rear Wash) Water Bidet Toilet Seat Attachment","USD 65.00","USD 30.55","53%","USD","12.0","USD 3.67","1051","96.4%","https://s.click.aliexpress.com/e/_DB05pqH",,,,,,
"1005004631832172","https://ae04.alicdn.com/kf/Sa82168fa5a4c4695afc8460fa07c9ed1i.jpg",,"Fashion No Tie Shoe Laces Elastic Laces Sneakers Flat Shoelaces Without Ties Kids Adult Quick Shoe Lace Rubber Bands for Shoes","USD 2.67","USD 1.33","50%","USD","7","USD 0.09","1672","96.4%","https://s.click.aliexpress.com/e/_DDCTtBX",,,,,,
"1005005088463230","https://ae04.alicdn.com/kf/S7c78c5b54aac43598dc9329b0c14bf5fH.jpg","http://cloud.video.taobao.com/play/u/2675628091/p/1/e/6/t/1/1100111730828.mp4","PAGANI DESIGN 2023 New Classic Men's Sport Quartz Watches Sapphire Stainless Steel VK63 Waterproof Clock Relogios Masculinos","USD 333.30","USD 79.99","76%","USD","8.0","USD 6.40","619","94.5%","https://s.click.aliexpress.com/e/_DCVRFbB",,,,,,
"1005005284973618","https://ae04.alicdn.com/kf/Scdd63b82be2c4ed39f273cbfe459c98aB.jpg","http://cloud.video.taobao.com/play/u/2675628091/p/1/e/6/t/1/1100129567391.mp4","2023 Press Lock Shoelaces Without Ties 8MM Width Flat Elastic Laces Sneakers for Women No Tie Shoe Laces for Shoes Accessories","USD 3.15","USD 1.61","49%","USD","7","USD 0.11","577","97.7%","https://s.click.aliexpress.com/e/_DD77c9r",,,,,,
"1005005028687372","https://ae04.alicdn.com/kf/A709c00dcef1a48228bccb7c5cf63f669C.png","http://cloud.video.taobao.com/play/u/2675628091/p/1/e/6/t/1/1100106040787.mp4","PAGANI DESIGN Men's Watches Mechanical Automatic Watch For Men Green Class NH35A Luxury Sapphire Stainless steel Dive Clock 2022","USD 199.10","USD 93.40","0%","USD","7","USD 6.54","269","98.6%","https://s.click.aliexpress.com/e/_DlhceDn",,,,,,
"1005005027949063","https://ae04.alicdn.com/kf/Sb7cb633f42b54af6b41bbaa2126d4c04w.jpg","http://cloud.video.taobao.com/play/u/2675628091/p/1/e/6/t/1/1100149823168.mp4","2023 New 38MM PAGANI Design Top Brand Men's Pilot Automatic Mechanical Watches Nh35A Sapphire waterproof 200m Relogio Masculino","USD 196.52","USD 70.75","64%","USD","7","USD 4.95","335","94.4%","https://s.click.aliexpress.com/e/_DdHc5bX",,,,,,
"1005004934778923","https://ae04.alicdn.com/kf/Sdd568666230f4040aedb5181db03572es.jpg","http://cloud.video.taobao.com/play/u/2675628091/p/1/e/6/t/1/1100098204770.mp4","Large Toilet Paper Holder Wall-Mounted Paper Roll Holder With Storage Tray Toilet Organizer Phone Stand Bathroom Accessories","USD 37.19","USD 13.02","65%","USD","15.0","USD 1.95","1112","94.0%","https://s.click.aliexpress.com/e/_DBJc62h",,,,,,
"1005005042753112","https://ae04.alicdn.com/kf/HTB1e.dCKAvoK1RjSZFDq6xY3pXaS.jpg",,"26pcs Wooden Toys Baby DIY Toy Cartoon Fruit Animal Stringing Threading Wooden beads Toy Monterssori Educational for Kids GYH","USD 8.30","USD 2.75","0%","USD","7","USD 0.19","1274","94.4%","https://s.click.aliexpress.com/e/_DknEP81",,,,,,
"1005005193290944","https://ae04.alicdn.com/kf/Sae285f5d1f4e44a0bc9c40d9bb86c4362.jpg","http://cloud.video.taobao.com/play/u/2675628091/p/1/e/6/t/1/293691726221.mp4","Phoenix A2 Massage Gun Muscle Relaxation Deep Tissue Massager Dynamic Therapy Vibrator Shaping Pain Relief Back Foot Massager","USD 128.33","USD 41.07","68%","USD","7","USD 2.87","631","96.5%","https://s.click.aliexpress.com/e/_DdAgBPX",,,,,,
"1005004123111692","https://ae04.alicdn.com/kf/S7d034b1a4a514ba494754d91bb70048aA.jpg","http://cloud.video.taobao.com/play/u/2675628091/p/1/e/6/t/1/1100095114394.mp4","New Design Tiny Blue Flower Necklace for Women Gold Color Cute Pendant Necklace Trendy Female Birthday Jewelry Bijoux Gift","USD 7.09","USD 3.90","45%","USD","7","USD 0.27","1698","95.1%","https://s.click.aliexpress.com/e/_DmoeSYz",,,,,,
"1005004338333722","https://ae04.alicdn.com/kf/Sb738fd529531458ab94d7146d4aa729f4.jpg","http://cloud.video.taobao.com/play/u/2675628091/p/1/e/6/t/1/1100037558955.mp4","Outdoor Solar Garden Light Led Waterproof Decoration Wall Lamp for Fence Porch Country Balcony House Garden Street Lighting","USD 6.34","USD 4.50","29%","USD","14.5","USD 0.65","757","89.9%","https://s.click.aliexpress.com/e/_DFdgoat",,,,,,
"4000273602311","https://ae04.alicdn.com/kf/Sdcd586d94ba4466a8fb9bf7b27aaf51bp.jpg","http://cloud.video.taobao.com/play/u/2675628091/p/1/e/6/t/1/322166100831.mp4","Vintage Genuine Leather Watchband 7 Colors Strap 18mm 20mm 22mm 24mm Women Men Cowhide Smart Watch Band Belt Accessories","USD 15.60","USD 4.68","70%","USD","9.0","USD 0.42","1861","96.4%","https://s.click.aliexpress.com/e/_DezgXpL",,,,,,
"1005002278151241","https://ae04.alicdn.com/kf/Scc8abafb366a4f3297823a8d8be2fb2dx.jpg","http://cloud.video.taobao.com/play/u/2675628091/p/1/e/6/t/1/345399340299.mp4","Automatic Toothpaste Dispenser Dust-proof Toothbrush Holder Wall Mount Stand Bathroom Accessories Set Toothpaste Squeezer","USD 9.47","USD 5.68","40%","USD","8.0","USD 0.45","879","92.9%","https://s.click.aliexpress.com/e/_DEcKNZ3",,,,,,
"1005005316801379","https://ae04.alicdn.com/kf/S005cd25ad3904d0c9fb9d791e45ace5b7.jpg",,"Elastic Shoe Laces Semicircle No Tie Shoelaces for Kids and Adult Shoelace for Sneakers Quick Lazy Laces Colorful Capsule Buckle","USD 1.79","USD 0.98","45%","USD","7","USD 0.07","2141","97.7%","https://s.click.aliexpress.com/e/_DBujgdX",,,,,,
"1005004482181291","https://ae04.alicdn.com/kf/Sfcc65ae4cf6e4f64971378c6dace9117i.jpg",,"No Tie Flat Hiking Running Shoe Lace Elastic Shoelaces Outdoor Leisure Sneakers Quick Safety Flat Shoelace Kids Adult Lazy Laces","USD 2.67","USD 1.20","55%","USD","7","USD 0.08","1351","95.5%","https://s.click.aliexpress.com/e/_Dn0kkf3",,,,,,
"1005003602166768","https://ae04.alicdn.com/kf/S370e270aaa334362b88066d6c211362a2.jpg","http://cloud.video.taobao.com/play/u/2675628091/p/1/e/6/t/1/338542710817.mp4","1pc Toothbrush Holder Set Toothpaste Dispenser Wall Mount Stand Bathroom Accessories Set Rolling Automatic Squeezer","USD 8.60","USD 4.99","42%","USD","8.0","USD 0.40","1006","93.4%","https://s.click.aliexpress.com/e/_DBiifCZ",,,,,,
"1005003384506814","https://ae04.alicdn.com/kf/Sa78cb9d070d0447bbab3e96f616155a6c.jpg","http://cloud.video.taobao.com/play/u/2675628091/p/1/e/6/t/1/332129830797.mp4","Handheld Toilet Bidet Sprayer with Brass Valve Stainless Steel Bidet Shower Hygienic Shower Wall Mounted Toilet Bidet Sprayer","USD 13.99","USD 7.83","44%","USD","8.0","USD 0.63","609","93.3%","https://s.click.aliexpress.com/e/_DeoEVd7",,,,,,
"1005001877460833","https://ae04.alicdn.com/kf/Sc584f545870f40c9ba09caafe531aba4N.png","http://cloud.video.taobao.com/play/u/2675628091/p/1/e/6/t/1/1100136933420.mp4","STEELDIVE SD1975 Mens Automatic Watches Men Dive Watch 300m Waterproof Mechanical Wristwatch C3 Luminous Clock Sapphire Mirror","USD 498.00","USD 99.60","80%","USD","8.0","USD 7.97","730","97.3%","https://s.click.aliexpress.com/e/_DFFHNCt",,,,,,
"1005005027888950","https://ae04.alicdn.com/kf/S535832b4ecc54fb89f1758152ba12bbec.jpg","http://cloud.video.taobao.com/play/u/2675628091/p/1/e/6/t/1/1100121116220.mp4","2023 PAGANI Design New 40mm Men Luxury Automatic Mechanical Watches Men NH35A Stainless Steel Waterproof Watch Relogio Masculino","USD 188.43","USD 67.84","64%","USD","7","USD 4.75","757","94.6%","https://s.click.aliexpress.com/e/_DDQESPF",,,,,,
"1005004074929080","https://ae04.alicdn.com/kf/Sdb3cb761e79a4e138c9b7bbc72f2901b1.jpg","http://cloud.video.taobao.com/play/u/2675628091/p/1/e/6/t/1/1100039929078.mp4","Automatic Toothpaste Dispenser Bathroom Accessories Toothbrush Holder for Home Bathroom Dental Cream Dispenser Dropshipping","USD 10.50","USD 4.72","55%","USD","7","USD 0.33","1808","92.9%","https://s.click.aliexpress.com/e/_DeumT4h",,,,,,
"1005001934191253","https://ae04.alicdn.com/kf/U15d561ea392b4e5b9df841c5aebf2c29Q.jpg","http://cloud.video.taobao.com/play/u/2675628091/p/1/e/6/t/1/292608006827.mp4","PVC Waterproof Wall Sticker Self Adhesive Sink Stove Crack Strip Kitchen Bathroom Bathtub Corner Sealant Tape Waterproof","USD 3.30","USD 1.62","51%","USD","8.0","USD 0.13","996","96.2%","https://s.click.aliexpress.com/e/_DdAG3YZ",,,,,,
"1005003394194323","https://ae04.alicdn.com/kf/Sd7ee338226e54f538d8aa88ea0ced743l.jpg","http://cloud.video.taobao.com/play/u/2675628091/p/1/e/6/t/1/330602193099.mp4","2023 New PAGANI Design Men's Quartz Watches Sapphire Stainless Steel Chronograph 200m Waterproof Sports Watche Reloj Hombre","USD 299.96","USD 71.99","76%","USD","8.0","USD 5.76","603","95.6%","https://s.click.aliexpress.com/e/_Dmw1rQl",,,,,,
"1005005138164252","https://ae04.alicdn.com/kf/S290aaf0a8c4f4a258d4a870290cbcde2C.jpg",,"Cross Locks Shoelaces Without ties 8MM Width Elastic Laces Sneakers Kids Adult Sports Leisure No Tie Shoe laces Shoe Accessories","USD 3.79","USD 1.57","0%","USD","7","USD 0.11","1808","95.7%","https://s.click.aliexpress.com/e/_DmOF2x7",,,,,,
"1005005038746564","https://ae04.alicdn.com/kf/S6a9e475c7e3f452596fad34e320bcab6i.jpg",,"32L Soft Cooler Bag with Hard Liner Large Insulated Picnic Lunch Bag Box Cooling Bag for Camping BBQ Family Outdoor Activities","USD 40.79","USD 19.99","51%","USD","7","USD 1.40","1404","96.3%","https://s.click.aliexpress.com/e/_DnFxXkZ",,,,,,
"1005005135283844","https://ae04.alicdn.com/kf/S6e870ef0136047298dc6707d1763a4a3d.jpg",,"Elastic Laces Sneakers Diamond Cross Locks Shoelaces Without ties Kids Adult 8MM Width No Tie Shoe laces Rubber Bands Shoelace","USD 4.09","USD 1.70","0%","USD","7","USD 0.12","1756","96.6%","https://s.click.aliexpress.com/e/_DeT4a3j",,,,,,
"1005004254801032","https://ae04.alicdn.com/kf/S6e6f9dc3fde6493ca49a5934a5df6779C.jpg",,"Black Light Blocking Window Film Privacy UV Protection Darken Window Stickers Vinyl for Home Stained Glass Self Adhesive Tint","USD 3.44","USD 2.82","18%","USD","10.0","USD 0.28","949","94.2%","https://s.click.aliexpress.com/e/_DBYzvQd",,,,,,
"4000044081421","https://ae04.alicdn.com/kf/S54221e5202414eb8bb4a4cb306485dcdj.jpg","http://cloud.video.taobao.com/play/u/2675628091/p/1/e/6/t/1/279340757027.mp4","10 Pair High Quality Men Ankle Socks Breathable Cotton Sports Socks Mesh Casual Athletic Summer Thin Cut Short Sokken Size 38-48","USD 25.69","USD 10.79","58%","USD","8.0","USD 0.86","1307","97.0%","https://s.click.aliexpress.com/e/_DnSTbHL",,,,,,
"1005001809716174","https://ae04.alicdn.com/kf/H396f415fd0f44ab6853c83bb79fd5c4be.jpg","http://cloud.video.taobao.com/play/u/2675628091/p/1/e/6/t/1/294466535406.mp4","MAIKES Handmade Watch Band Genuine Cow Leather Watch Strap With Butterfly Buckle Bracelet For MONTBLANC Tudor Watchbands","USD 21.41","USD 14.99","30%","USD","10.5","USD 1.57","710","95.7%","https://s.click.aliexpress.com/e/_DDekBQV",,,,,,
"1005005049869078","https://ae04.alicdn.com/kf/Sf8d6276fcb344c04b6bcc15ef278954fd.jpg","http://cloud.video.taobao.com/play/u/2675628091/p/1/e/6/t/1/1100109553535.mp4","Touchless Automatic Sensor Soap Dispenser Foam Type-C Charging Smart Induction Hand Washer with Temperature Digital Display","USD 54.37","USD 18.85","0%","USD","7","USD 1.32","823","95.2%","https://s.click.aliexpress.com/e/_DnMSauN",,,,,,
"1005005061130499","https://ae04.alicdn.com/kf/S10ccf2a26f344908b49c7a847b16c8280.jpg",,"2Pcs/lot 30x30/40/60cm Car Wash Microfiber Towel Car Cleaning Drying Cloth Car Care Cloth Microfiber Towel Car Microfiber Cloth","USD 3.94","USD 1.26","0%","USD","7","USD 0.09","1835","96.1%","https://s.click.aliexpress.com/e/_DDUvOED",,,,,,
"1005005029462190","https://ae04.alicdn.com/kf/S6ac83cdf6a0d4251a78d45464e017fa0i.jpg","http://cloud.video.taobao.com/play/u/2675628091/p/1/e/6/t/1/1100084650248.mp4","PAGANI DESIGN 2022 New Men's Watches Luxury Automatic Watch For Men Mechanical 40MM PP WristWatch Stainless Steel Sapphire glass","USD 162.37","USD 67.00","0%","USD","7","USD 4.69","727","90.1%","https://s.click.aliexpress.com/e/_DBvY1Gv",,,,,,
"1005004484583591","https://ae04.alicdn.com/kf/S536a0d58b317487fa681a1d547e93fc8U.jpg","http://cloud.video.taobao.com/play/u/2675628091/p/1/e/6/t/1/1100060091838.mp4","Punch-free Bathroom Revolving Rack Wall-mounted Toilet Washstand Kitchen Wall Storage Rack","USD 16.64","USD 8.65","48%","USD","10.0","USD 0.86","1476","92.8%","https://s.click.aliexpress.com/e/_Dmfytop",,,,,,
"1005005057788317","https://ae04.alicdn.com/kf/H1cc433e8c4b8490a9704185ee0ae24b5c.jpg","http://cloud.video.taobao.com/play/u/2675628091/p/1/e/6/t/1/1100108650834.mp4","Elastic No Tie Shoelaces Semicircle Shoe Laces For Kids and Adult Sneakers Shoelace Quick Lazy Metal Lock Strings Rope Round","USD 8.23","USD 3.51","0%","USD","7","USD 0.25","1762","96.7%","https://s.click.aliexpress.com/e/_DFgpp0Z",,,,,,
"1005002590115020","https://ae04.alicdn.com/kf/Hc3a6c93aee394191b22a7404076979ceW.jpg","http://cloud.video.taobao.com/play/u/2675628091/p/1/e/6/t/1/1100020105091.mp4","16pcs Silicone Shoelaces Round Elastic Shoe Laces Special No Tie Shoelace For Men Women children All Sneakers Fit Strap ShoeLace","USD 2.50","USD 2.50","0%","USD","8.0","USD 0.20","849","95.8%","https://s.click.aliexpress.com/e/_DmQB57R",,,,,,
"1005005244011707","https://ae04.alicdn.com/kf/S09e9ac47edba4cdeb04dbd59279e6ba5J.jpg","http://cloud.video.taobao.com/play/u/2675628091/p/1/e/6/t/1/1100029874340.mp4","Multifunctional Double Sided Adhesive Tape Waterproof Reusable Wall Stickers Transparent Strong Sticky Glue Car Bathroom Kitchen","USD 4.01","USD 1.91","0%","USD","7","USD 0.13","2150","94.2%","https://s.click.aliexpress.com/e/_DEeQ5lL",,,,,,
"1005004302400735","https://ae04.alicdn.com/kf/Se98b1fd07c764842be6b146c632c9a6by.jpg",,"2 Pacs Elastic Shoe Laces Semicircle No Tie Shoelaces for Kids and Adult Sneakers Shoelace Quick Lazy Metal Lock Laces Shoe Rope","USD 1.33","USD 0.65","51%","USD","7","USD 0.05","2207","92.5%","https://s.click.aliexpress.com/e/_Dn29lfJ",,,,,,
"1005004619696692","https://ae04.alicdn.com/kf/Se4d138330c8947608e923da8aa877781n.jpg","http://cloud.video.taobao.com/play/u/2675628091/p/1/e/6/t/1/261575842836.mp4","No Tie Shoelaces Elastic Outdoor Leisure Sneakers Quick Safety Flat Shoelace Kids And Adult Unisex Lazy laces","USD 3.88","USD 1.98","49%","USD","10.5","USD 0.21","1037","96.9%","https://s.click.aliexpress.com/e/_DFlpQkz",,,,,,
"1005004677649249","https://ae04.alicdn.com/kf/S2a7e1ded7e694e7da4cbf4d69d57f21dV.jpg","http://cloud.video.taobao.com/play/u/2675628091/p/1/e/6/t/1/1100083419475.mp4","Colorful Splash Ink AF1 Shoelaces Women Gilding Men Red Black Hand-painted Sports Casual Basketball Shoes Laces 100/120/140/160","USD 2.43","USD 1.92","21%","USD","8.0","USD 0.15","1612","97.3%","https://s.click.aliexpress.com/e/_Dd4zNQ5",,,,,,
"1005004494904068","https://ae04.alicdn.com/kf/S27b6ac9f5f084dd68dc360e0d802ef54k.png","http://cloud.video.taobao.com/play/u/2675628091/p/1/e/6/t/1/1100061415663.mp4","Privacy Window Film Static Clings Decorative Sun Blocking Non-Adhesive Anti-UV Protection Heat Control Glass Stickers for Home","USD 5.79","USD 4.63","20%","USD","10.0","USD 0.46","1461","93.0%","https://s.click.aliexpress.com/e/_DDKqPKl",,,,,,
"1005005042493665","https://ae04.alicdn.com/kf/S199141365d5d410b806b185cdd976468B.jpg",,"ULA Brushed Bidet Faucet Stainless Steel Handheld Bidet Sprayer Set Toilet Sprayer Bidet Faucet Single Cold Water Tap","USD 7.46","USD 3.66","0%","USD","7","USD 0.26","1914","93.9%","https://s.click.aliexpress.com/e/_DDCXVoZ",,,,,,
"1005005073214275","https://ae04.alicdn.com/kf/Sb5e4f34c3c474f2eb17ad2540e5b0194g.jpg","http://cloud.video.taobao.com/play/u/2675628091/p/1/e/6/t/1/342026629841.mp4","SKMEI Outdoor Sport Watch Men Alarm Chrono Clock 5Bar Waterproof Military Watches LED Display Shock Digital Watch reloj hombre","USD 17.07","USD 8.75","0%","USD","7","USD 0.61","1498","95.7%","https://s.click.aliexpress.com/e/_DdrRI1J",,,,,,
"1005003379014915","https://ae04.alicdn.com/kf/S433a74834d2141f493b32c8a3de0bc30z.jpg","http://cloud.video.taobao.com/play/u/2675628091/p/1/e/6/t/1/329512792066.mp4","CHICVEN  Women Office Lady Blazer Cuff Embroidery Wide Shoulder Twill Suit Women's Autumn Ladies Outerwear  Stylish Tops","USD 69.68","USD 66.20","5%","USD","9.0","USD 5.96","969","98.1%","https://s.click.aliexpress.com/e/_DFV82g9",,,,,,
"1005004519330619","https://ae04.alicdn.com/kf/S656fb662b2b54bed9b8997c60f2abc5dE.jpg",,"1PC Eco Friendly Boar Bristle Men's Shaving Brush Portable Barber Natural Beard Brush For Facial Cleaning Mustache Tools","USD 1.59","USD 1.03","35%","USD","8.0","USD 0.08","2049","93.8%","https://s.click.aliexpress.com/e/_Dk7skMz",,,,,,
"1005005029377506","https://ae04.alicdn.com/kf/Aa5e5b862d81a458798bbedd6b66066e2c.jpg","http://cloud.video.taobao.com/play/u/2675628091/p/1/e/6/t/1/304582501416.mp4","PAGANI DESIGN BB58 Automatic Watch Men Men's Watches Mechanical Watch For Men Luxury NH35 100M Waterproof Reloj Hombre","USD 200.42","USD 82.69","0%","USD","7","USD 5.79","554","94.3%","https://s.click.aliexpress.com/e/_Dky8fgD",,,,,,
"1005004986620481","https://ae04.alicdn.com/kf/S3f1ef84739ac4d68bdd51538c6d049470.jpg","http://cloud.video.taobao.com/play/u/2675628091/p/1/e/6/t/1/1100124164038.mp4","ZhangJi Bathroom 3-Function SPA Shower Head with Switch Stop Button high Pressure Anion Filter Bath Head Water Saving Shower","USD 13.44","USD 6.28","0%","USD","7","USD 0.44","1616","95.1%","https://s.click.aliexpress.com/e/_DewAm9J",,,,,,
"4000580369147","https://ae04.alicdn.com/kf/S9326612db6af47b29d002eaa364aa13f4.jpg","http://cloud.video.taobao.com/play/u/2675628091/p/1/e/6/t/1/266936174458.mp4","230 Led Reflector Solar Outdoor Lights Waterproof Motion Sensor Street Lamp Sunlight Solar Power Spotlight for Garden Decoration","USD 11.21","USD 7.62","32%","USD","11.0","USD 0.84","984","95.7%","https://s.click.aliexpress.com/e/_DCDZdQV",,,,,,
"32999009047","https://ae04.alicdn.com/kf/S699e8ffb457348998706ba271521ff951.jpg",,"Gold Brushed Bathroom Accessories Hardware Towel Bar Rail Toilet Paper Holder Towel Rack Hook Soap Dish Toilet Brush","USD 13.31","USD 8.78","34%","USD","8.0","USD 0.70","410","97.9%","https://s.click.aliexpress.com/e/_DF3LjMv",,,,,,
"1005002002225835","https://ae04.alicdn.com/kf/H0f222ea7102c49259216c8a0106098d44.jpg","http://cloud.video.taobao.com/play/u/2675628091/p/1/e/6/t/1/305769114087.mp4","6 Sizes Basic Magnetic Mosquito Net Summer Anti Bug Fly Door Curtains Mesh Automatic Closing Door Screen Kitchen Sticker Curtain","USD 6.97","USD 6.97","0%","USD","8.0","USD 0.56","1582","91.0%","https://s.click.aliexpress.com/e/_DmcsZMt",,,,,,
"1005003204843192","https://ae04.alicdn.com/kf/S1b699fec52a44cf8894361f54be762c42.jpg","http://cloud.video.taobao.com/play/u/2675628091/p/1/e/6/t/1/338535912417.mp4","2pcs Universal Anti-Fog Anti-glare Rainproof Car Tuning Rearview Mirror Trim Film Cover Exterior Parts Car Glass Accessories","USD 2.28","USD 2.28","0%","USD","8.0","USD 0.18","4654","93.9%","https://s.click.aliexpress.com/e/_DdLfcTT",,,,,,
"4000530444009","https://ae04.alicdn.com/kf/Hf43fb547d9234e3b87f7d0d8900601855.jpg","http://cloud.video.taobao.com/play/u/2675628091/p/1/e/6/t/1/295495979416.mp4","2022 New PAGANI Design Top Brand Men's Sports Quartz Watches Sapphire Stainless Steel Waterproof Chronograph Luxury Reloj Hombre","USD 299.96","USD 71.99","76%","USD","8.0","USD 5.76","455","91.4%","https://s.click.aliexpress.com/e/_DEO5PMZ",,,,,,
"32822178279","https://ae04.alicdn.com/kf/S53c50e70298c4491bdafa678d10432dcz.jpg",,"12Pack Solar Garden Light Outdoor Solar Powered Lamp Lanter Waterproof Landscape Lighting For Pathway Patio Yard Lawn Decoration","USD 29.21","USD 20.45","30%","USD","7","USD 1.43","1859","89.1%","https://s.click.aliexpress.com/e/_DC8gfW5",,,,,,
"1005005037089870","https://ae04.alicdn.com/kf/S82cdfb0ac68649d5bb10a7738035719dq.jpg",,"MR.GREEN Cuticle Remover Dead Skin Pusher Surgical Grade Stainless Steel Nail Art Manicure Tools Scraper Nail Cleaner Trimmer","USD 17.03","USD 5.45","68%","USD","7","USD 0.38","1454","97.7%","https://s.click.aliexpress.com/e/_DE5dd0D",,,,,,
"1005005206589095","https://ae04.alicdn.com/kf/S67f8e85d91064a939b29a77c8718070aB.jpg",,"GIANXI Portable Folding Telescopic Stool  Lightweight Plastic Subway Queuing Chair and Outdoor Camping Fishing with Carry Bag","USD 33.24","USD 18.63","0%","USD","7","USD 1.30","2423","95.4%","https://s.click.aliexpress.com/e/_DFKAzkt",,,,,,
"1005005134353200","https://ae04.alicdn.com/kf/S08bf683b97b7458db73e7fde1a9e4b8fd.jpg","http://cloud.video.taobao.com/play/u/2675628091/p/1/e/6/t/1/1100098653922.mp4","SEESTERN SUB600T Mens Diver Watch Automatic NH35 Movement Ceramic Bezel Lume Mechanical Wristwatches Sapphire Waterproof V3","USD 315.64","USD 135.12","0%","USD","7","USD 9.46","505","96.9%","https://s.click.aliexpress.com/e/_DEpRGwh",,,,,,
"1005005115852132","https://ae04.alicdn.com/kf/Sf0af4407072b47d3be5e5d58e4d7f7c1h.jpg","http://cloud.video.taobao.com/play/u/2675628091/p/1/e/6/t/1/1100114684305.mp4","Multifunctional Shoe Brushes With Soap Dispenser Long Handle Brush Cleaner For Clothes Shoes Household Laundry Cleaning Brush","USD 3.74","USD 2.32","38%","USD","9.0","USD 0.21","7880","95.6%","https://s.click.aliexpress.com/e/_DcZeljr",,,,,,
"1005004139218109","https://ae04.alicdn.com/kf/S89b8a43fb2ec40afbdd57a2e699ff893U.jpg","http://cloud.video.taobao.com/play/u/2675628091/p/1/e/6/t/1/1100011641062.mp4","50PCS/Set Women Girls Basic Hair Bands 4cm Simple Solid Colors Elastic Headband Hair Ropes Ties Hair Accessories Ponytail Holder","USD 3.68","USD 2.10","43%","USD","8.0","USD 0.17","53328","96.1%","https://s.click.aliexpress.com/e/_DFDOWap",,,,,,
"1005005085970345","https://ae04.alicdn.com/kf/S9601fdf38f364432968046ea2c715e7cH.jpg",,"3/5/10 pcs Extra Soft Car Wash Microfiber Towel Car Cleaning Drying Cloth Car Care Cloth Detailing Car WashTowel Never Scrat","USD 4.66","USD 2.11","0%","USD","7","USD 0.15","21834","95.2%","https://s.click.aliexpress.com/e/_DeGLRFJ",,,,,,
"1005004449012911","https://ae04.alicdn.com/kf/S6b637593fd994d7caa5830dcdefefcf7Z.jpg",,"Cross buckle Elastic Shoe laces No Tie Shoelaces for Sneakers Flat Shoelace Kids Adult elastic Laces One Size Fits All Shoes","USD 3.23","USD 1.61","50%","USD","7","USD 0.11","1829","94.1%","https://s.click.aliexpress.com/e/_DE0YEtf",,,,,,
"1005003148163516","https://ae04.alicdn.com/kf/S789782e445a245b58e9ba3db00f50f44P.jpg","http://cloud.video.taobao.com/play/u/2675628091/p/1/e/6/t/1/345397304485.mp4","Automatic Toothpaste Dispenser Squeezers Toothpaste Tooth Dust-proof Toothbrush Holder Wall Mount Stand Bathroom Accessories Set","USD 6.50","USD 3.77","42%","USD","8.0","USD 0.30","4013","93.3%","https://s.click.aliexpress.com/e/_DcwJ4Bx",,,,,,
"1005005057690990","https://ae04.alicdn.com/kf/S3547742899964364983c87f9487a5824k.jpg","http://cloud.video.taobao.com/play/u/2675628091/p/1/e/6/t/1/1100108573771.mp4","Cross Buckle Elastic Shoe Laces No Tie Shoelaces For Sneakers Flat Shoelace Kids Adult Elastic Laces One Size Fits All Shoes","USD 8.78","USD 3.75","0%","USD","7","USD 0.26","2072","95.5%","https://s.click.aliexpress.com/e/_DkFMD8Z",,,,,,
"1005004276449916","https://ae04.alicdn.com/kf/Sce85db830fa740ad843af9afb82d0e6ey.jpg",,"60-160cm 1Pair Shoelaces for Sneakers 8mm Fabric Shoe Laces Flat Soft Shoestrings Accessories Wholesale","USD 0.89","USD 0.25","72%","USD","8.0","USD 0.02","3733","96.9%","https://s.click.aliexpress.com/e/_DlhZHM1",,,,,,
"1005003593401791","https://ae04.alicdn.com/kf/H52f3301f4373488b916cd59255a8807ax.jpg","http://cloud.video.taobao.com/play/u/2675628091/p/1/e/6/t/1/343398752568.mp4","Artificial Plants Bonsai Small Tree Pot Fake Plant Flowers Potted Ornaments For Home Room Table Decoration Hotel Garden Decor","USD 3.20","USD 2.37","26%","USD","11.0","USD 0.26","17334","95.0%","https://s.click.aliexpress.com/e/_DmK03db",,,,,,
"1005004430583810","https://ae04.alicdn.com/kf/S19440580092647d6b660a2abff8a6d374.jpg","http://cloud.video.taobao.com/play/u/2675628091/p/1/e/6/t/1/1100047673148.mp4","Window Film One Way,Privacy Self-adhesive Glass Sticker for Home Office,Reflective Mirror Film, Sun Blocking Anti UV Window Tint","USD 5.79","USD 4.28","26%","USD","8.0","USD 0.34","2836","92.8%","https://s.click.aliexpress.com/e/_DelCkSD",,,,,,
"4000873935255","https://ae04.alicdn.com/kf/Ha9023b6ed643424982632b20209ead93R.jpg","http://cloud.video.taobao.com/play/u/2675628091/p/1/e/6/t/1/259100858755.mp4","12pcs/lot Silicone Shoelaces No tie Elastic Shoe Laces Special Shoestrings for Kid/Adult Lacing Rubber Sneakers Shoe Lace","USD 4.87","USD 2.05","58%","USD","8.0","USD 0.16","13857","96.0%","https://s.click.aliexpress.com/e/_DdFaoT7",,,,,,
"1005003423023760","https://ae04.alicdn.com/kf/S355edc59e63747bba503bee80d8ec325i.jpg","http://cloud.video.taobao.com/play/u/2675628091/p/1/e/6/t/1/1100044057596.mp4","PAGANI DESIGN 2023 New Men's Watches Top Luxury Quartz Watch For Men Automatic Date Speed Chronograph Sapphire Mirror Wristwatch","USD 499.95","USD 79.99","84%","USD","7","USD 5.60","2641","95.8%","https://s.click.aliexpress.com/e/_DCQPZfJ",,,,,,
"1005005056258379","https://ae04.alicdn.com/kf/Sb28cc87cb403494bb8672c8f60854794l.jpg",,"75x35 60x40cm Microfiber Car Wash Towel Fast Drying Auto Cleaning Extra Soft Cloth High Water Absorption For Car Wash Accessorie","USD 6.62","USD 2.12","0%","USD","7","USD 0.15","12005","93.2%","https://s.click.aliexpress.com/e/_DFlDVuv",,,,,,
"1005005185438136","https://ae04.alicdn.com/kf/Sc37056e8557244daada8876e584bbcd0y.jpg",,"Men Trend New Summer Slippers EVA Soft Bottom Cloud Slides Light Beach Shoes Male Suitable Indoor and Outdoor","USD 10.00","USD 4.15","0%","USD","7","USD 0.29","11044","93.4%","https://s.click.aliexpress.com/e/_DmLCcs5",,,,,,
"1005005060086202","https://ae04.alicdn.com/kf/S9eb207d6504046aeafd855c5a686111ax.jpg",,"Mobile Phone Charging Port Dust Plug for IPhone 14 13 Pro Max Port Cleaner Kit Computer Keyboard Cleaner Tool Cleaner Brush","USD 3.13","USD 2.03","35%","USD","9","USD 0.18","39303","93.4%","https://s.click.aliexpress.com/e/_DCL0sMl",,,,,,
"1005003357018806","https://ae04.alicdn.com/kf/Sdaf15968779e43deae9e1557c37f7488i.jpg",,"1Pair Colored Dots Round Shoelaces Elastic Plastic Lock Hiking Sports No Tie Shoelace Adult Children Shoe Accessories Lazy Lace","USD 2.41","USD 1.33","45%","USD","7","USD 0.09","4893","97.6%","https://s.click.aliexpress.com/e/_DkF05H7",,,,,,
"1005004562237002","https://ae04.alicdn.com/kf/S200687a4cf164c0bbc7803301feb5c2f3.jpg",,"No Tie Flat Hiking Running Shoe Lace Elastic Shoelaces Outdoor Leisure Sneakers Quick Safety Flat Shoelace Kids Adult Lazy Laces","USD 2.67","USD 1.20","55%","USD","7","USD 0.08","1883","96.5%","https://s.click.aliexpress.com/e/_DCdM0x7",,,,,,
"1005005066676184","https://ae04.alicdn.com/kf/Sf80ac2178b7b40fab1df5063200fac04C.jpg",,"No Trace Top Women's Underwear No Steel Ring Pure Desire Comfortable Upper Support Sling Adjustable Beauty Back Bra Thin Section","USD 14.48","USD 6.66","0%","USD","7","USD 0.47","4952","94.4%","https://s.click.aliexpress.com/e/_Dc9O1pT",,,,,,
"1005004021795341","https://ae04.alicdn.com/kf/Sd46f741d78e74a41ac9bb2052ef78723W.jpg",,"40/50cm Towel Rack Towel Hanger Bath Towel Holder Wall Hanging Towel Bars Acrylic Bathroom Shelf Kitchen Storage Rack","USD 21.39","USD 14.33","33%","USD","8.5","USD 1.22","332","94.3%","https://s.click.aliexpress.com/e/_DCRHQ7L",,,,,,
"1005003163834030","https://ae04.alicdn.com/kf/S39af73df1a754651a565bbdcd605cfc52.jpg",,"Kitchen Trash Can Kitchen Waste Bin Kitchen Garbage Cans Recycle Rubbish Bin for Kitchen Dustbin Garbage Bin Trash Bin Trashcan","USD 9.88","USD 5.83","41%","USD","8.0","USD 0.47","2117","93.2%","https://s.click.aliexpress.com/e/_DFowEbj",,,,,,
"1005003042499554","https://ae04.alicdn.com/kf/H299b44f498c34824aac6b546e5b058b91.jpg",,"1Pair No tie Shoelaces Magnetic Elastic Shoe Laces For Kids and Adult Sneakers Shoelace 23 Color Shoestrings","USD 3.60","USD 2.88","20%","USD","7","USD 0.20","12918","95.8%","https://s.click.aliexpress.com/e/_DeuG4Yd",,,,,,
"1005002802609591","https://ae04.alicdn.com/kf/S8df87d17473043de8958972e8baffac1N.jpg",,"1 Pair 22 Colors Elastic Shoelaces Round Locking No Tie Shoe Laces Kids Adult Quick Lazy Laces Rubber Sneakers Shoelace T1","USD 4.16","USD 2.12","49%","USD","7","USD 0.15","1107","95.9%","https://s.click.aliexpress.com/e/_Dl1jRqz",,,,,,
"1005005062122632","https://ae04.alicdn.com/kf/Se0f680095d274811852cce7e3b9d1d5ft.jpg",,"No Tie Shoelaces for Kids and Adult Shoelace for Sneakers Elastic Shoe Laces Semicircle Quick Lazy Laces Colorful Capsule Buckle","USD 2.02","USD 0.99","51%","USD","7","USD 0.07","2442","97.3%","https://s.click.aliexpress.com/e/_DEFHR6H",,,,,,
"1005003602142593","https://ae04.alicdn.com/kf/Sba61d8ed33184a9696cc1d6d4b21d99eI.jpg","http://cloud.video.taobao.com/play/u/2675628091/p/1/e/6/t/1/338540106657.mp4","Creative Wall Mount Automatic Toothpaste Dispenser and Small Toothbrush Holder Toothpaste Squeezer for Family Shower Bathroom","USD 8.70","USD 5.05","42%","USD","8.0","USD 0.40","2680","94.4%","https://s.click.aliexpress.com/e/_Dkrljbr",,,,,,
"1005002274088775","https://ae04.alicdn.com/kf/H39bda5fb955347bda60ba2da1276c0f0x.jpg","http://cloud.video.taobao.com/play/u/2675628091/p/1/e/6/t/1/325557506809.mp4","1Pair Flat Shoelaces for Sneakers 36colors Fabric Shoe laces White Black Shoe lace Boot Laces for Shoes Classic Soft Shoestrings","USD 3.50","USD 1.75","50%","USD","8.0","USD 0.14","7499","97.4%","https://s.click.aliexpress.com/e/_DlMJ89X",,,,,,
"1005003803947252","https://ae04.alicdn.com/kf/H41d1df223fb142a88d1d872a8db1b23bs.jpg",,"Mul-size Rainbow Window Film 3D Ecology Non Toxic Glass Vinyl for Home Static Cling Stained Glass Film Insulation Window Sticker","USD 3.89","USD 2.96","24%","USD","10.0","USD 0.30","1806","93.5%","https://s.click.aliexpress.com/e/_Dl62PTR",,,,,,
"1005004896243854","https://ae04.alicdn.com/kf/Saaf185973fea40f8bc65637947424a49E.jpg","http://cloud.video.taobao.com/play/u/2675628091/p/1/e/6/t/1/1100096098794.mp4","6Pcs/Set 20mm Deep Hole Long Nib Head Markers For Metal Perforating Pen Waterproof Bathroom Woodworking Decoration Multi-Purpose","USD 7.21","USD 4.76","34%","USD","8.0","USD 0.38","52665","98.0%","https://s.click.aliexpress.com/e/_DE9Xgrx",,,,,,
"1005004064761119","https://ae04.alicdn.com/kf/Sc2e21a5c64454f1ca6b2a66a1e28cb4ep.jpg",,"2pcs Insoles Patch Heel Pads for Sport Shoes Pain Relief Antiwear Feet Pad Protector Back Sticker","USD 9.95","USD 1.29","87%","USD","8.0","USD 0.10","23773","95.9%","https://s.click.aliexpress.com/e/_Dmlb4dX",,,,,,
"1005004593849608","https://ae04.alicdn.com/kf/Sf33810e0bb354ceeafb3a569093e6aady.jpg","http://cloud.video.taobao.com/play/u/2675628091/p/1/e/6/t/1/1100075231874.mp4","Solar led String Light Enchanted Watering Can Light Waterproof Garden Decor Yard Retro Lamp Outdoor Table Patio Lawn Yard Art","USD 26.40","USD 12.94","51%","USD","7","USD 0.91","1281","93.5%","https://s.click.aliexpress.com/e/_DcGoBGh",,,,,,
"1005003687126169","https://ae04.alicdn.com/kf/S69a7e73e7a09467aa676919d175d1400y.jpg","http://cloud.video.taobao.com/play/u/2675628091/p/1/e/6/t/1/1100109558757.mp4","Vintage Cat Eyt Sunglasses Women 2023 Fashion Luxury V Brand Designer Sun Glasses Female Eyewear UV400 gafas de sol mujer","USD 5.70","USD 4.05","29%","USD","7","USD 0.28","5147","95.2%","https://s.click.aliexpress.com/e/_Dnb2yTL",,,,,,
"1005003684927356","https://ae04.alicdn.com/kf/H0e5c55704e9646348791c5ac96d3ce0dY.jpg",,"Brand 100% Pure Cowhide Strap No Buckle Genuine Leather Automatic For Men High Quality","USD 5.89","USD 4.42","25%","USD","7","USD 0.31","3147","94.4%","https://s.click.aliexpress.com/e/_DFk6mJ7",,,,,,
"1005004141414792","https://ae04.alicdn.com/kf/S83651efa2fa34b42bc0dc7a62cfb1b8ae.jpg","http://cloud.video.taobao.com/play/u/2675628091/p/1/e/6/t/1/1100047665219.mp4","Tempered Glass for Samsung Galaxy A52 A32 A12 A72 A53 A52S A51 A71 A22 A50 A70 A21S S21 S22 Plus S20 FE S10E Screen Protectors","USD 4.11","USD 3.08","25%","USD","12.0","USD 0.37","21918","92.0%","https://s.click.aliexpress.com/e/_DBmQ8b7",,,,,,
"1005003698902312","https://ae04.alicdn.com/kf/Hc02c9a71fdb54198b41bf8ef6608f3f6G.jpg","http://cloud.video.taobao.com/play/u/2675628091/p/1/e/6/t/1/339214717013.mp4","1 Pair Luminous Shoelaces for Kid Sneakers Men Women Sports Shoes Laces Glow In The Dark Night Shoestrings Reflective Shoelaces","USD 4.72","USD 2.36","50%","USD","10.0","USD 0.24","15209","93.5%","https://s.click.aliexpress.com/e/_DCBpiJT",,,,,,
"32961289979","https://ae04.alicdn.com/kf/Sdc66e72b97844cceaa346fabbe15580bV.jpg","http://cloud.video.taobao.com/play/u/2675628091/p/1/e/6/t/1/275751283113.mp4","125mm Floating House Number Letters Big Modern Door Alphabet Home Outdoor 5 in.Black Numbers Address Plaque Dash Slash Sign #0-9","USD 6.65","USD 4.32","35%","USD","12.0","USD 0.52","1991","98.1%","https://s.click.aliexpress.com/e/_DE0ateN",,,,,,
"1005003586335126","https://ae04.alicdn.com/kf/S31c65b7dde9f4fdbaeced344c22d5a5eR.jpg","http://cloud.video.taobao.com/play/u/2675628091/p/1/e/6/t/1/338082074213.mp4","3D Stereo Wall Stickers Self-adhesive Wallpaper Brick Pattern Creative 3D Peel And Stick Heatproof Vinyl Waterproof Wallpaper","USD 3.90","USD 1.68","57%","USD","8.0","USD 0.13","1899","93.8%","https://s.click.aliexpress.com/e/_DDYPLHx",,,,,,
"4000670582128","https://ae04.alicdn.com/kf/Sc772e862d86e4076b6030f4760ff33e8J.jpg","http://cloud.video.taobao.com/play/u/2675628091/p/1/e/6/t/1/288417651895.mp4","Fenruien Brand Laptop Backpack Anti-theft Waterproof School Backpacks USB Charging Men Business Travel Bag Backpack New Design","USD 68.87","USD 30.99","55%","USD","8.0","USD 2.48","1787","96.6%","https://s.click.aliexpress.com/e/_DF3zsXF",,,,,,
"1005003463426104","https://ae04.alicdn.com/kf/S5c8e0db6762b4282aa62d84337cfdba5D.jpg","http://cloud.video.taobao.com/play/u/2675628091/p/1/e/6/t/1/1100098237730.mp4","10PCS Transparent Stainless Steel Strong Self Adhesive Hooks Key Storage Hanger for Kitchen Bathroom Door Wall Multi-Function","USD 5.72","USD 3.26","43%","USD","10.0","USD 0.33","14246","96.7%","https://s.click.aliexpress.com/e/_DkSv8nx",,,,,,
"1005004292352957","https://ae04.alicdn.com/kf/Sa864ad77ce1341f8a533df3b75c5287cx.jpg",,"Fashion Korean BowKnot Hair Ties Scrunchies Women Girls Elastic Hair Bands Long Headwear Ribbon Bow Ponytail Hair Accessories","USD 2.60","USD 1.48","43%","USD","7","USD 0.10","4788","95.6%","https://s.click.aliexpress.com/e/_DcIXsxj",,,,,,
"1005005257026491","https://ae04.alicdn.com/kf/S4556e5511788409d9d6217aab9d6c5ae3.jpg",,"4Pcs Latex Memory Foam Insoles for Men's Soft Foot Support Shoe Pads Breathable Orthopedic Sport Insole Feet Care Insert Cushion","USD 4.28","USD 2.35","45%","USD","8.0","USD 0.19","7003","91.6%","https://s.click.aliexpress.com/e/_DFs3Pw5",,,,,,
"4000389162113","https://ae04.alicdn.com/kf/Sad310b0d665747388d4b78af965a1f38S.jpg","http://cloud.video.taobao.com/play/u/2675628091/p/1/e/6/t/1/1100122930901.mp4","SD1970 Steeldive Brand 200M Waterproof Sapphire Glass 44MM Men NH35 Dive Watch with Ceramic Bezel","USD 398.00","USD 83.58","79%","USD","8.0","USD 6.69","2642","97.5%","https://s.click.aliexpress.com/e/_DCaKCKD",,,,,,
"1005001665888677","https://ae04.alicdn.com/kf/S23c1ba843d564702b576461ce40e7e66T.jpg","http://cloud.video.taobao.com/play/u/2675628091/p/1/e/6/t/1/1100115067709.mp4","Pop Up Drain Button Bathroom Sink Plug Drainer Siphon Waste Stopper Wash Basin Faucet Accessory Washbasin Pipe Black Gold Rose","USD 17.35","USD 9.71","44%","USD","7","USD 0.68","2111","96.6%","https://s.click.aliexpress.com/e/_DmI9zjP",,,,,,
"1005004649402703","https://ae04.alicdn.com/kf/S8529df7aa78644e6b977ee9b83083204y.jpg",,"Bathroom Accessories Set Soap Dispenser Bottle Dish Washroom Toothbrush Holder Cup Suit Lotion Rack Toilet Brush Garbage Can","USD 12.78","USD 4.86","62%","USD","7","USD 0.34","1523","93.5%","https://s.click.aliexpress.com/e/_DDsZVgt",,,,,,
"1005003670742058","https://ae04.alicdn.com/kf/S8faa45dcb1e6491d9eee2e2176b9f8d32.jpg",,"16Pcs/Set Silicone Elastic Shoelaces Elastic Shoe Laces Special No Tie Shoelace for Men Women Lacing Rubber Zapatillas 13 Colors","USD 2.23","USD 1.52","32%","USD","7","USD 0.11","2882","96.1%","https://s.click.aliexpress.com/e/_DktB9DF",,,,,,
"1005004984035319","https://ae04.alicdn.com/kf/S6a7c660ac7364f82a2b3fb0751cb2e05G.jpg","http://cloud.video.taobao.com/play/u/2675628091/p/1/e/6/t/1/1100115105210.mp4","Automatic Foam Soap Dispensers Bathroom Smart Washing Hand Machine With USB Charging White High Quality ABS Material","USD 38.29","USD 18.00","53%","USD","7","USD 1.26","2201","96.4%","https://s.click.aliexpress.com/e/_DDxB3vj",,,,,,
"1005002802623476","https://ae04.alicdn.com/kf/Sce0f1342dde64f4cb2098e66a31417c6I.jpg",,"1 Pair 22 Colors Elastic Shoelaces Round Locking No Tie Shoe Laces Kids Adult Quick Lazy Laces Rubber Sneakers Shoelace T1","USD 3.29","USD 1.68","49%","USD","7","USD 0.12","2857","95.9%","https://s.click.aliexpress.com/e/_DCLMk3F",,,,,,
"1005005029328573","https://ae04.alicdn.com/kf/Sf411654a407740f091a935fd0659b942A.jpg","http://cloud.video.taobao.com/play/u/2675628091/p/1/e/6/t/1/1100081504436.mp4","2022 No Tie Shoe laces Press Lock Shoelaces without ties Elastic Laces Sneaker Kids Adult 8MM Widened Flat Shoelace for Shoes","USD 8.38","USD 3.74","0%","USD","7","USD 0.26","2389","96.9%","https://s.click.aliexpress.com/e/_DCe6bUp",,,,,,
"1005004337951091","https://ae04.alicdn.com/kf/S0fd974468ff348e08756c9e473dfe0c45.jpg","http://cloud.video.taobao.com/play/u/2675628091/p/1/e/6/t/1/1100089745727.mp4","35 cm Tulip Flower Artificial Tulip Bouquet 10/5Pcs PE foam Fake Flower for wedding Ceremony Decor Home Garden Bouquet Decor","USD 4.88","USD 3.22","34%","USD","14.0","USD 0.45","14387","95.7%","https://s.click.aliexpress.com/e/_DBCrPg1",,,,,,
"1005005057984906","https://ae04.alicdn.com/kf/Sbfe33784cc9345b88de76ce0f17f143ea.jpg",,"BARCUR Design Memery Alloy Sunglasses Polarized Gradient Men's Sun Glasses Women Pilot Eyewear Mirror Shades Oculos De Sol","USD 22.34","USD 10.28","54%","USD","7","USD 0.72","1974","96.5%","https://s.click.aliexpress.com/e/_DkCNB25",,,,,,
"1005004792400343","https://ae04.alicdn.com/kf/Sc0fbbdd26fb942c1a1f833803dfde44ec.jpg","http://cloud.video.taobao.com/play/u/2675628091/p/1/e/6/t/1/1100090360949.mp4","Bluetooth Earphone Cleaner Kit For Airpods Pro 1 2 3  Earbuds Case Cleaning Pen Brush Tool For Xiaomi Huawei Lenovo Headset","USD 0.23","USD 0.13","45%","USD","13.0","USD 0.02","19473","95.2%","https://s.click.aliexpress.com/e/_DF8NJ5x",,,,,,
"1005005077730517","https://ae04.alicdn.com/kf/H3f78e757e20749049ea043776937372cQ.jpg",,"Microfiber Towel Car Microfiber Cloth Wash Towel Microfiber Cleaning Cloth Car Wash Drying Towel Auto Detailing","USD 5.25","USD 2.37","0%","USD","7","USD 0.17","8457","97.0%","https://s.click.aliexpress.com/e/_DFjHnmN",,,,,,
"1005004724688872","https://ae04.alicdn.com/kf/S02dda40502084bc3a32e15fc78e3c821h.jpg","http://cloud.video.taobao.com/play/u/2675628091/p/1/e/6/t/1/1100086352123.mp4","8MM 2023 No Tie Shoe Laces Press Lock Shoelaces Without Ties Elastic Laces Sneaker Kids Adult Widened Flat Shoelace for Shoes","USD 3.55","USD 1.85","48%","USD","7","USD 0.13","46607","95.9%","https://s.click.aliexpress.com/e/_DkRfE37",,,,,,
